{"cameraMode":{"drawMode":0,"name":"Shaded","section":"Shading Mode"},"sceneLighting":true,"audioPlay":false,"sceneViewState":{"m_AlwaysRefresh":false,"showFog":true,"showSkybox":true,"showFlares":true,"showImageEffects":true,"showParticleSystems":true,"showVisualEffectGraphs":true,"m_FxEnabled":true},"in2DMode":false,"pivot":{"x":59.40787887573242,"y":23.104888916015626,"z":-55.61272048950195},"rotation":{"x":0.00350212468765676,"y":-0.6996386647224426,"z":0.0032970868051052095,"w":0.7145348787307739},"size":4.298884391784668,"orthographic":false}