{"cameraMode":{"drawMode":0,"name":"Shaded","section":"Shading Mode"},"sceneLighting":false,"audioPlay":false,"sceneViewState":{"m_AlwaysRefresh":false,"showFog":true,"showSkybox":false,"showFlares":true,"showImageEffects":true,"showParticleSystems":true,"showVisualEffectGraphs":true,"m_FxEnabled":true},"in2DMode":false,"pivot":{"x":0.1594732701778412,"y":0.6050260663032532,"z":-1.7348048686981202},"rotation":{"x":0.0026118496898561718,"y":0.9940210580825806,"z":-0.10657697170972824,"w":0.024708637967705728},"size":1.9800167083740235,"orthographic":false}